{"cameraMode":{"drawMode":0,"name":"Shaded","section":"Shading Mode"},"sceneLighting":false,"audioPlay":false,"sceneViewState":{"m_AlwaysRefresh":false,"showFog":true,"showSkybox":false,"showFlares":true,"showImageEffects":true,"showParticleSystems":true,"showVisualEffectGraphs":true,"m_FxEnabled":true},"in2DMode":false,"pivot":{"x":172.1295623779297,"y":-52.05009078979492,"z":73.47978973388672},"rotation":{"x":0.010142943821847439,"y":-0.3573189377784729,"z":0.0037474900018423797,"w":0.9340441823005676},"size":8.432428359985352,"orthographic":false}