{"cameraMode":{"drawMode":0,"name":"Shaded","section":"Shading Mode"},"sceneLighting":false,"audioPlay":false,"sceneViewState":{"m_AlwaysRefresh":false,"showFog":true,"showSkybox":false,"showFlares":true,"showImageEffects":true,"showParticleSystems":true,"showVisualEffectGraphs":true,"m_FxEnabled":true},"in2DMode":false,"pivot":{"x":348.3657531738281,"y":-95.92097473144531,"z":159.64901733398438},"rotation":{"x":0.010142943821847439,"y":-0.3573189377784729,"z":0.0037474900018423797,"w":0.9340441823005676},"size":68.2874755859375,"orthographic":false}