{"cameraMode":{"drawMode":0,"name":"Shaded","section":"Shading Mode"},"sceneLighting":false,"audioPlay":false,"sceneViewState":{"m_AlwaysRefresh":false,"showFog":true,"showSkybox":false,"showFlares":true,"showImageEffects":true,"showParticleSystems":true,"showVisualEffectGraphs":true,"m_FxEnabled":true},"in2DMode":false,"pivot":{"x":-4.465347766876221,"y":-5.327566623687744,"z":33.664241790771487},"rotation":{"x":0.14982151985168458,"y":-0.15942470729351045,"z":0.024486061185598375,"w":0.9754745364189148},"size":20.243650436401368,"orthographic":false}