{"cameraMode":{"drawMode":0,"name":"Shaded","section":"Shading Mode"},"sceneLighting":false,"audioPlay":false,"sceneViewState":{"showFog":true,"showMaterialUpdate":false,"showSkybox":false,"showFlares":true,"showImageEffects":true,"showParticleSystems":true},"in2DMode":false,"pivot":{"x":0.0,"y":0.49999988079071047,"z":-2.9802322387695315e-8},"rotation":{"x":0.01747170463204384,"y":0.9822829961776733,"z":-0.14274561405181886,"w":0.12023897469043732},"size":0.8660258650779724,"orthographic":false}