{"cameraMode":{"drawMode":0,"name":"Shaded","section":"Shading Mode"},"sceneLighting":false,"audioPlay":false,"sceneViewState":{"showFog":true,"showMaterialUpdate":false,"showSkybox":false,"showFlares":true,"showImageEffects":true,"showParticleSystems":true},"in2DMode":false,"pivot":{"x":-0.000004696113137470093,"y":-0.000011149279998790007,"z":0.000004884683221462183},"rotation":{"x":0.019287189468741418,"y":0.9456790089607239,"z":-0.31949755549430849,"w":0.05709585174918175},"size":0.000017320508050033823,"orthographic":false}