{"cameraMode":{"drawMode":0,"name":"Shaded","section":"Shading Mode"},"sceneLighting":true,"audioPlay":false,"sceneViewState":{"showFog":true,"showMaterialUpdate":false,"showSkybox":true,"showFlares":true,"showImageEffects":true,"showParticleSystems":true},"in2DMode":false,"pivot":{"x":-0.508691668510437,"y":-2.502312660217285,"z":-12.630568504333496},"rotation":{"x":-0.21890537440776826,"y":-0.031610626727342609,"z":0.007095913868397474,"w":-0.975210964679718},"size":3.5660250186920168,"orthographic":false}