{"cameraMode":{"drawMode":0,"name":"Shaded","section":"Shading Mode"},"sceneLighting":true,"audioPlay":false,"sceneViewState":{"showFog":true,"showMaterialUpdate":false,"showSkybox":true,"showFlares":true,"showImageEffects":true,"showParticleSystems":true},"in2DMode":false,"pivot":{"x":1.2267913818359376,"y":-0.840474545955658,"z":-7.6941094398498539},"rotation":{"x":0.4426185190677643,"y":0.4033135771751404,"z":-0.2329748272895813,"w":0.7662718296051025},"size":1.3644351959228516,"orthographic":false}