{"cameraMode":{"drawMode":0,"name":"Shaded","section":"Shading Mode"},"sceneLighting":true,"audioPlay":false,"sceneViewState":{"m_AlwaysRefresh":false,"showFog":true,"showSkybox":true,"showFlares":true,"showImageEffects":true,"showParticleSystems":true,"showVisualEffectGraphs":true,"m_FxEnabled":true},"in2DMode":false,"pivot":{"x":178.18670654296876,"y":-47.99232864379883,"z":96.11128997802735},"rotation":{"x":-0.052552852779626849,"y":0.09482773393392563,"z":-0.00499686598777771,"w":-0.9941727519035339},"size":20.04961395263672,"orthographic":false}