{"cameraMode":{"drawMode":0,"name":"Shaded","section":"Shading Mode"},"sceneLighting":true,"audioPlay":false,"sceneViewState":{"m_AlwaysRefresh":false,"showFog":true,"showSkybox":true,"showFlares":true,"showImageEffects":true,"showParticleSystems":true,"showVisualEffectGraphs":true,"m_FxEnabled":true},"in2DMode":false,"pivot":{"x":492.08709716796877,"y":-15.926668167114258,"z":491.142822265625},"rotation":{"x":-0.05216323956847191,"y":-0.15309566259384156,"z":0.008109929040074349,"w":-0.9868809580802918},"size":28.25026512145996,"orthographic":false}