{"cameraMode":{"drawMode":0,"name":"Shaded","section":"Shading Mode"},"sceneLighting":true,"audioPlay":false,"sceneViewState":{"m_AlwaysRefresh":false,"showFog":true,"showSkybox":true,"showFlares":true,"showImageEffects":true,"showParticleSystems":true,"showVisualEffectGraphs":true,"m_FxEnabled":true},"in2DMode":false,"pivot":{"x":12.087971687316895,"y":-28.51448631286621,"z":34.852699279785159},"rotation":{"x":-0.38874056935310366,"y":0.014369035139679909,"z":-0.006064480636268854,"w":-0.9212306141853333},"size":32.68710708618164,"orthographic":false}