{"cameraMode":{"drawMode":0,"name":"Shaded","section":"Shading Mode"},"sceneLighting":true,"audioPlay":false,"sceneViewState":{"showFog":true,"showMaterialUpdate":false,"showSkybox":true,"showFlares":true,"showImageEffects":true,"showParticleSystems":true},"in2DMode":false,"pivot":{"x":10.139079093933106,"y":1.1705306768417359,"z":10.057125091552735},"rotation":{"x":-0.0003819088451564312,"y":0.9971729516983032,"z":-0.004794824402779341,"w":-0.0758124589920044},"size":3.1390695571899416,"orthographic":false}