{"cameraMode":{"drawMode":0,"name":"Shaded","section":"Shading Mode"},"sceneLighting":true,"audioPlay":false,"sceneViewState":{"showFog":true,"showMaterialUpdate":false,"showSkybox":true,"showFlares":true,"showImageEffects":true,"showParticleSystems":true},"in2DMode":false,"pivot":{"x":-0.4693969786167145,"y":0.37476152181625368,"z":6.082662105560303},"rotation":{"x":-0.06416865438222885,"y":0.21094399690628053,"z":0.013848877511918545,"w":0.9753382802009583},"size":1.2247449159622193,"orthographic":false}