{"cameraMode":{"drawMode":0,"name":"Shaded","section":"Shading Mode"},"sceneLighting":true,"audioPlay":false,"sceneViewState":{"showFog":true,"showMaterialUpdate":false,"showSkybox":true,"showFlares":true,"showImageEffects":true,"showParticleSystems":true},"in2DMode":false,"pivot":{"x":-2.867136001586914,"y":11.658039093017579,"z":8.355978012084961},"rotation":{"x":0.2638227939605713,"y":-0.01302344910800457,"z":0.003554093651473522,"w":0.9645053744316101},"size":34.65520095825195,"orthographic":false}