{"cameraMode":{"drawMode":0,"name":"Shaded","section":"Shading Mode"},"sceneLighting":true,"audioPlay":false,"sceneViewState":{"showFog":true,"showMaterialUpdate":false,"showSkybox":true,"showFlares":true,"showImageEffects":true,"showParticleSystems":true},"in2DMode":false,"pivot":{"x":-0.034680843353271487,"y":1.0849119424819947,"z":2.5136070251464845},"rotation":{"x":0.1018209382891655,"y":0.008954198099672795,"z":-0.0009181624627672136,"w":0.9947732090950012},"size":4.278542518615723,"orthographic":false}