{"cameraMode":{"drawMode":0,"name":"Shaded","section":"Shading Mode"},"sceneLighting":false,"audioPlay":false,"sceneViewState":{"showFog":true,"showMaterialUpdate":false,"showSkybox":false,"showFlares":true,"showImageEffects":true,"showParticleSystems":true},"in2DMode":false,"pivot":{"x":-2.990000009536743,"y":-0.01899999938905239,"z":0.5799999833106995},"rotation":{"x":0.13756027817726136,"y":-0.008320014923810959,"z":0.0011459965026006103,"w":0.9904778599739075},"size":10.0,"orthographic":false}