{"cameraMode":{"drawMode":0,"name":"Shaded","section":"Shading Mode"},"sceneLighting":false,"audioPlay":false,"sceneViewState":{"showFog":true,"showMaterialUpdate":false,"showSkybox":false,"showFlares":true,"showImageEffects":true,"showParticleSystems":true},"in2DMode":false,"pivot":{"x":-0.2856857478618622,"y":0.06776958703994751,"z":-0.1972978413105011},"rotation":{"x":0.14765049517154694,"y":-0.5657919645309448,"z":0.10383398830890656,"w":0.8045489192008972},"size":1.8043485879898072,"orthographic":false}