{"cameraMode":{"drawMode":0,"name":"Shaded","section":"Shading Mode"},"sceneLighting":true,"audioPlay":false,"sceneViewState":{"showFog":true,"showMaterialUpdate":false,"showSkybox":true,"showFlares":true,"showImageEffects":true,"showParticleSystems":true},"in2DMode":false,"pivot":{"x":-27.100000381469728,"y":14.546966552734375,"z":1.0186700820922852},"rotation":{"x":0.13997139036655427,"y":0.059962935745716098,"z":0.008494395762681961,"w":-0.9883176684379578},"size":58.87556457519531,"orthographic":false}