{"cameraMode":{"drawMode":0,"name":"Shaded","section":"Shading Mode"},"sceneLighting":false,"audioPlay":false,"sceneViewState":{"showFog":true,"showMaterialUpdate":false,"showSkybox":false,"showFlares":true,"showImageEffects":true,"showParticleSystems":true},"in2DMode":false,"pivot":{"x":-0.008810341358184815,"y":2.8184778690338136,"z":0.11666470766067505},"rotation":{"x":-0.05545980483293533,"y":-0.10703039169311524,"z":0.005981358699500561,"w":-0.992703914642334},"size":3.3028135299682619,"orthographic":false}