{"cameraMode":{"drawMode":0,"name":"Shaded","section":"Shading Mode"},"sceneLighting":false,"audioPlay":false,"sceneViewState":{"showFog":true,"showMaterialUpdate":false,"showSkybox":false,"showFlares":true,"showImageEffects":true,"showParticleSystems":true},"in2DMode":false,"pivot":{"x":10.019180297851563,"y":3.1606812477111818,"z":-0.07982301712036133},"rotation":{"x":-0.14379365742206574,"y":0.015435327775776387,"z":-0.0022415844723582269,"w":-0.9894976019859314},"size":4.328301429748535,"orthographic":false}